Product,Price,Type
HIGHLANDER,Rs. 399,Slim Fit Casual Shirt
U.S. Polo Assn.,Rs. 1949,Men Sneakers
Roadster,Rs. 674,Printed Casual Shirt
HERE&NOW,Rs. 599,Men Cotton Casual Shirt
Newfeel By Decathlon,,Men Walking Shoes
HIGHLANDER,Rs. 728,Men Tapered Fit Chinos
boAt,Rs. 1299,Airdopes 131 Type C Earbuds
Roadster,Rs. 199,Men Cotton Pure Cotton T-shirt
Roadster,Rs. 679,Men Skinny Fit Jeans
Dennis Lingo,Rs. 665,Men Slim Fit Casual Shirt
HRX by Hrithik Roshan,Rs. 849,Men Athleisure Track Pants
Levis,Rs. 1649,Men 512 Slim Tapered Fit Jeans
HRX by Hrithik Roshan,Rs. 349,Printed Cotton Pure Cotton T-shirt
HIGHLANDER,Rs. 399,Slim Casual Shirt
WROGN,Rs. 799,Men Analogue Watch
Moda Rapido,Rs. 359,Printed Cotton Pure Cotton T-shirt
Roadster,Rs. 449,Men Cotton Casual Shirt
Nautica,Rs. 1649,Blue&White Opaque Formal Shirt
HIGHLANDER,Rs. 579,Men Tapered Fit Jeans
Apple,Rs. 12909,2nd Gen AirPods
Armani Exchange,Rs. 5397,Men Analogue Watch
WINGS,Rs. 699,Wireless Earphone
Nike,Rs. 3595,Men Downshifter 10 Running
Louis Philippe Jeans,Rs. 2399,Men Mid-Rise Jeans
Fire-Boltt,Rs. 1999,Ninja Touch to Wake Smartwatch
NOISE,Rs. 1999,Unisex ColorFit Smartwatch
Louis Philippe Sport,Rs. 707,Pure Cotton T-shirt
HIGHLANDER,Rs. 503,Slim Fit Casual Shirt
boAt,Rs. 1299,Unisex Airdopes 101 Earbuds
HIGHLANDER,Rs. 465,Men Solid Slim-Fit Track Pants
HERE&NOW,Rs. 854,Men Cotton Casual Shirt
indulekha,Rs. 198,Bringha Hair Oil 50 ml
Roadster,Rs. 679,Men Skinny Fit Jeans
Red Tape,Rs. 1469,Men Walking Shoes
Skechers,Rs. 5099,Men Go Walk 4 Walking Shoes
HIGHLANDER,Rs. 658,Men Woven Design Sneakers
Roadster,Rs. 759,Men Checked Casual Shirt
urbanista,,Wireless Headphones With Mic
NOISE,Rs. 1499,AirBuds Mini Bluetooth Headset
Roadster,Rs. 299,Pure Cotton T-shirt
Safari,Rs. 2799,Super-Size Trolley Bag
Fastrack,Rs. 765,Unisex Analogue Watch
Louis Philippe Sport,,Multi Slim Fit Casual Shirt
HIGHLANDER,Rs. 623,Men Tapered Fit Jeans
Calvin Klein Jeans,,Men Slim Fit Jeans
HIGHLANDER,Rs. 499,Slim Casual Shirt
Dennis Lingo,Rs. 665,Men Slim Fit Casual Shirt
Roadster,Rs. 679,Men Slim Fit Jeans
Roadster,Rs. 539,Twill Casual Shirt
HRX by Hrithik Roshan,Rs. 279,Typography Cotton T-shirt
