Amazon Brand - Stone & Beam Vigo Wall Lamp,"1,380",Amazon Brand - Stone & Beam Vigo Wall Lamp
Amazon Brand - Stone & Beam Vernazza Hanging Lamp,"1,698",Amazon Brand - Stone & Beam Vernazza Hanging Lamp
"Amazon Brand - Stone & Beam Volterra Hanging Lamp, Yellow","2,551","Amazon Brand - Stone & Beam Volterra Hanging Lamp, Yellow"
Amazon Brand - Stone & Beam Lucena Wall Lamp,"2,119",Amazon Brand - Stone & Beam Lucena Wall Lamp
Amazon Brand - Stone & Beam Lugo Wall Lamp,,Amazon Brand - Stone & Beam Lugo Wall Lamp
"Amazon Brand - Stone & Beam Sintra Table Lamp, White","3,042","Amazon Brand - Stone & Beam Sintra Table Lamp, White"
Amazon Brand - Stone & Beam Stanton Table Lamp,"2,058",Amazon Brand - Stone & Beam Stanton Table Lamp
"Amazon Brand - Stone & Beam Burano Hanging Lamp, Small Dome","3,779","Amazon Brand - Stone & Beam Burano Hanging Lamp, Small Dome"
Amazon Brand - Stone & Beam Fairhope Fabric 3 Seater Sofa (Brown),"33,349",Amazon Brand - Stone & Beam Fairhope Fabric 3 Seater Sofa (Brown)
Amazon Brand - Stone & Beam Wamego Ottoman Pouff (Blue),"9,299",Amazon Brand - Stone & Beam Wamego Ottoman Pouff (Blue)
Amazon Brand - Stone & Beam Wamego Ottoman Pouff (Multicolour),"9,299",Amazon Brand - Stone & Beam Wamego Ottoman Pouff (Multicolour)
Amazon Brand - Stone & Beam Zamora Wall Lamp,"1,173",Amazon Brand - Stone & Beam Zamora Wall Lamp
